atom,state,q,delta_Ha,tau_q_real,tau_q_imag,F_q_real,F_q_imag,dipole_from_tau_z,osc,source
Mg,1,0.0001,2.025580310279456,0.0,1.445602104741114e-07,0.0,181.65971809074506,0.001445602104741114,0.0702791292639874,EFT_CORE_MULTIPOLE_FORM_FACTOR_SMALL_Q
Mg,1,0.0002,2.025580310279456,0.0,2.891204209482228e-07,0.0,90.82985904537253,0.001445602104741114,0.0702791292639874,EFT_CORE_MULTIPOLE_FORM_FACTOR_SMALL_Q
Mg,1,0.0005,2.025580310279456,0.0,7.22801052370557e-07,0.0,36.33194361814901,0.001445602104741114,0.0702791292639874,EFT_CORE_MULTIPOLE_FORM_FACTOR_SMALL_Q
Mg,1,0.001,2.025580310279456,0.0,1.445602104741114e-06,0.0,18.165971809074506,0.001445602104741114,0.0702791292639874,EFT_CORE_MULTIPOLE_FORM_FACTOR_SMALL_Q
Mg,2,0.0001,2.0255803102795347,-0.0,-1.2450239461071482e-05,0.0,-15645.432330534364,-0.12450239461071481,0.07027912926397964,EFT_CORE_MULTIPOLE_FORM_FACTOR_SMALL_Q
Mg,2,0.0002,2.0255803102795347,-0.0,-2.4900478922142963e-05,0.0,-7822.716165267182,-0.12450239461071481,0.07027912926397964,EFT_CORE_MULTIPOLE_FORM_FACTOR_SMALL_Q
Mg,2,0.0005,2.0255803102795347,-0.0,-6.22511973053574e-05,0.0,-3129.086466106873,-0.12450239461071481,0.07027912926397964,EFT_CORE_MULTIPOLE_FORM_FACTOR_SMALL_Q
Mg,2,0.001,2.0255803102795347,-0.0,-0.0001245023946107148,0.0,-1564.5432330534366,-0.12450239461071481,0.07027912926397964,EFT_CORE_MULTIPOLE_FORM_FACTOR_SMALL_Q
Mg,3,0.0001,2.0255803102796928,-0.0,-1.911563860358859e-05,0.0,-24021.41992228455,-0.19115638603588592,0.07027912926396732,EFT_CORE_MULTIPOLE_FORM_FACTOR_SMALL_Q
Mg,3,0.0002,2.0255803102796928,-0.0,-3.823127720717718e-05,0.0,-12010.709961142275,-0.19115638603588592,0.07027912926396732,EFT_CORE_MULTIPOLE_FORM_FACTOR_SMALL_Q
Mg,3,0.0005,2.0255803102796928,-0.0,-9.557819301794296e-05,0.0,-4804.28398445691,-0.19115638603588592,0.07027912926396732,EFT_CORE_MULTIPOLE_FORM_FACTOR_SMALL_Q
Mg,3,0.001,2.0255803102796928,-0.0,-0.00019115638603588593,0.0,-2402.141992228455,-0.19115638603588592,0.07027912926396732,EFT_CORE_MULTIPOLE_FORM_FACTOR_SMALL_Q
Mg,20,0.0001,2.5053857537276487,0.0,9.079709708608163e-06,0.0,11409.89972691653,0.09079709708608164,0.13418524378377025,EFT_CORE_MULTIPOLE_FORM_FACTOR_SMALL_Q
Mg,20,0.0002,2.5053857537276487,0.0,1.8159419417216327e-05,0.0,5704.949863458265,0.09079709708608164,0.13418524378377025,EFT_CORE_MULTIPOLE_FORM_FACTOR_SMALL_Q
Mg,20,0.0005,2.5053857537276487,0.0,4.539854854304082e-05,0.0,2281.9799453833066,0.09079709708608164,0.13418524378377025,EFT_CORE_MULTIPOLE_FORM_FACTOR_SMALL_Q
Mg,20,0.001,2.5053857537276487,0.0,9.079709708608164e-05,0.0,1140.9899726916533,0.09079709708608164,0.13418524378377025,EFT_CORE_MULTIPOLE_FORM_FACTOR_SMALL_Q
Mg,21,0.0001,2.5053857537277904,-0.0,-1.2524870281279718e-05,0.0,-15739.216185133395,-0.12524870281279718,0.1341852437838281,EFT_CORE_MULTIPOLE_FORM_FACTOR_SMALL_Q
Mg,21,0.0002,2.5053857537277904,-0.0,-2.5049740562559437e-05,0.0,-7869.608092566697,-0.12524870281279718,0.1341852437838281,EFT_CORE_MULTIPOLE_FORM_FACTOR_SMALL_Q
Mg,21,0.0005,2.5053857537277904,-0.0,-6.26243514063986e-05,0.0,-3147.8432370266796,-0.12524870281279718,0.1341852437838281,EFT_CORE_MULTIPOLE_FORM_FACTOR_SMALL_Q
Mg,21,0.001,2.5053857537277904,-0.0,-0.0001252487028127972,0.0,-1573.9216185133398,-0.12524870281279718,0.1341852437838281,EFT_CORE_MULTIPOLE_FORM_FACTOR_SMALL_Q
Mg,22,0.0001,2.5053857537277917,-0.0,-2.3750099671889226e-05,0.0,-29845.255460493016,-0.23750099671889224,0.1341852437837737,EFT_CORE_MULTIPOLE_FORM_FACTOR_SMALL_Q
Mg,22,0.0002,2.5053857537277917,-0.0,-4.750019934377845e-05,0.0,-14922.627730246508,-0.23750099671889224,0.1341852437837737,EFT_CORE_MULTIPOLE_FORM_FACTOR_SMALL_Q
Mg,22,0.0005,2.5053857537277917,-0.0,-0.00011875049835944612,0.0,-5969.0510920986035,-0.23750099671889224,0.1341852437837737,EFT_CORE_MULTIPOLE_FORM_FACTOR_SMALL_Q
Mg,22,0.001,2.5053857537277917,-0.0,-0.00023750099671889224,0.0,-2984.5255460493017,-0.23750099671889224,0.1341852437837737,EFT_CORE_MULTIPOLE_FORM_FACTOR_SMALL_Q
Mg,28,0.0001,2.556539240782613,-0.0,-4.408038837643663e-06,0.0,-5539.304971631928,-0.04408038837643663,0.012241515641630769,EFT_CORE_MULTIPOLE_FORM_FACTOR_SMALL_Q
Mg,28,0.0002,2.556539240782613,-0.0,-8.816077675287326e-06,0.0,-2769.652485815964,-0.04408038837643663,0.012241515641630769,EFT_CORE_MULTIPOLE_FORM_FACTOR_SMALL_Q
Mg,28,0.0005,2.556539240782613,-0.0,-2.2040194188218317e-05,0.0,-1107.860994326386,-0.04408038837643663,0.012241515641630769,EFT_CORE_MULTIPOLE_FORM_FACTOR_SMALL_Q
Mg,28,0.001,2.556539240782613,-0.0,-4.4080388376436634e-05,0.0,-553.930497163193,-0.04408038837643663,0.012241515641630769,EFT_CORE_MULTIPOLE_FORM_FACTOR_SMALL_Q
Mg,29,0.0001,2.5565392407827767,0.0,1.4016285072544127e-06,0.0,1761.3383285809964,0.014016285072544127,0.012241515641669622,EFT_CORE_MULTIPOLE_FORM_FACTOR_SMALL_Q
Mg,29,0.0002,2.5565392407827767,0.0,2.8032570145088254e-06,0.0,880.6691642904982,0.014016285072544127,0.012241515641669622,EFT_CORE_MULTIPOLE_FORM_FACTOR_SMALL_Q
Mg,29,0.0005,2.5565392407827767,0.0,7.008142536272064e-06,0.0,352.2676657161993,0.014016285072544127,0.012241515641669622,EFT_CORE_MULTIPOLE_FORM_FACTOR_SMALL_Q
Mg,29,0.001,2.5565392407827767,0.0,1.4016285072544127e-05,0.0,176.13383285809965,0.014016285072544127,0.012241515641669622,EFT_CORE_MULTIPOLE_FORM_FACTOR_SMALL_Q
Mg,30,0.0001,2.556539240783023,0.0,7.101363161799929e-06,0.0,8923.836135833535,0.07101363161799928,0.012241515641676278,EFT_CORE_MULTIPOLE_FORM_FACTOR_SMALL_Q
Mg,30,0.0002,2.556539240783023,0.0,1.4202726323599857e-05,0.0,4461.9180679167675,0.07101363161799928,0.012241515641676278,EFT_CORE_MULTIPOLE_FORM_FACTOR_SMALL_Q
Mg,30,0.0005,2.556539240783023,0.0,3.550681580899964e-05,0.0,1784.7672271667072,0.07101363161799928,0.012241515641676278,EFT_CORE_MULTIPOLE_FORM_FACTOR_SMALL_Q
Mg,30,0.001,2.556539240783023,0.0,7.101363161799928e-05,0.0,892.3836135833536,0.07101363161799928,0.012241515641676278,EFT_CORE_MULTIPOLE_FORM_FACTOR_SMALL_Q
Mg,52,0.0001,2.728950312908924,-0.0,-1.7981070982415131e-06,0.0,-2259.568020081279,-0.01798107098241513,0.06748973170026346,EFT_CORE_MULTIPOLE_FORM_FACTOR_SMALL_Q
Mg,52,0.0002,2.728950312908924,-0.0,-3.5962141964830263e-06,0.0,-1129.7840100406395,-0.01798107098241513,0.06748973170026346,EFT_CORE_MULTIPOLE_FORM_FACTOR_SMALL_Q
Mg,52,0.0005,2.728950312908924,-0.0,-8.990535491207566e-06,0.0,-451.9136040162559,-0.01798107098241513,0.06748973170026346,EFT_CORE_MULTIPOLE_FORM_FACTOR_SMALL_Q
Mg,52,0.001,2.728950312908924,-0.0,-1.7981070982415132e-05,0.0,-225.95680200812794,-0.01798107098241513,0.06748973170026346,EFT_CORE_MULTIPOLE_FORM_FACTOR_SMALL_Q
Mg,53,0.0001,2.7289503129089363,0.0,1.0357176106298851e-05,0.0,13015.211346993683,0.1035717610629885,0.06748973170032035,EFT_CORE_MULTIPOLE_FORM_FACTOR_SMALL_Q
Mg,53,0.0002,2.7289503129089363,0.0,2.0714352212597702e-05,0.0,6507.6056734968415,0.1035717610629885,0.06748973170032035,EFT_CORE_MULTIPOLE_FORM_FACTOR_SMALL_Q
Mg,53,0.0005,2.7289503129089363,0.0,5.178588053149425e-05,0.0,2603.042269398736,0.1035717610629885,0.06748973170032035,EFT_CORE_MULTIPOLE_FORM_FACTOR_SMALL_Q
Mg,53,0.001,2.7289503129089363,0.0,0.0001035717610629885,0.0,1301.521134699368,0.1035717610629885,0.06748973170032035,EFT_CORE_MULTIPOLE_FORM_FACTOR_SMALL_Q
Mg,54,0.0001,2.7289503129089554,-0.0,-1.6138805782116724e-05,0.0,-20280.62147312415,-0.16138805782116725,0.06748973170026702,EFT_CORE_MULTIPOLE_FORM_FACTOR_SMALL_Q
Mg,54,0.0002,2.7289503129089554,-0.0,-3.227761156423345e-05,0.0,-10140.310736562074,-0.16138805782116725,0.06748973170026702,EFT_CORE_MULTIPOLE_FORM_FACTOR_SMALL_Q
Mg,54,0.0005,2.7289503129089554,-0.0,-8.069402891058363e-05,0.0,-4056.1242946248303,-0.16138805782116725,0.06748973170026702,EFT_CORE_MULTIPOLE_FORM_FACTOR_SMALL_Q
Mg,54,0.001,2.7289503129089554,-0.0,-0.00016138805782116725,0.0,-2028.0621473124152,-0.16138805782116725,0.06748973170026702,EFT_CORE_MULTIPOLE_FORM_FACTOR_SMALL_Q
Mg,76,0.0001,2.7488195295534905,-0.0,-2.467263980181716e-06,0.0,-3100.455357842237,-0.024672639801817157,0.004086356505416585,EFT_CORE_MULTIPOLE_FORM_FACTOR_SMALL_Q
Mg,76,0.0002,2.7488195295534905,-0.0,-4.934527960363432e-06,0.0,-1550.2276789211185,-0.024672639801817157,0.004086356505416585,EFT_CORE_MULTIPOLE_FORM_FACTOR_SMALL_Q
Mg,76,0.0005,2.7488195295534905,-0.0,-1.2336319900908579e-05,0.0,-620.0910715684473,-0.024672639801817157,0.004086356505416585,EFT_CORE_MULTIPOLE_FORM_FACTOR_SMALL_Q
Mg,76,0.001,2.7488195295534905,-0.0,-2.4672639801817158e-05,0.0,-310.04553578422366,-0.024672639801817157,0.004086356505416585,EFT_CORE_MULTIPOLE_FORM_FACTOR_SMALL_Q
Mg,77,0.0001,2.748819529553496,0.0,3.956811591285489e-06,0.0,4972.276090728573,0.03956811591285489,0.004086356505420122,EFT_CORE_MULTIPOLE_FORM_FACTOR_SMALL_Q
Mg,77,0.0002,2.748819529553496,0.0,7.913623182570979e-06,0.0,2486.1380453642864,0.03956811591285489,0.004086356505420122,EFT_CORE_MULTIPOLE_FORM_FACTOR_SMALL_Q
Mg,77,0.0005,2.748819529553496,0.0,1.9784057956427444e-05,0.0,994.4552181457144,0.03956811591285489,0.004086356505420122,EFT_CORE_MULTIPOLE_FORM_FACTOR_SMALL_Q
Mg,77,0.001,2.748819529553496,0.0,3.956811591285489e-05,0.0,497.2276090728572,0.03956811591285489,0.004086356505420122,EFT_CORE_MULTIPOLE_FORM_FACTOR_SMALL_Q
Mg,78,0.0001,2.7488195295534963,0.0,7.450099381299408e-07,0.0,936.2070993921633,0.007450099381299408,0.004086356505436549,EFT_CORE_MULTIPOLE_FORM_FACTOR_SMALL_Q
Mg,78,0.0002,2.7488195295534963,0.0,1.4900198762598816e-06,0.0,468.10354969608164,0.007450099381299408,0.004086356505436549,EFT_CORE_MULTIPOLE_FORM_FACTOR_SMALL_Q
Mg,78,0.0005,2.7488195295534963,0.0,3.725049690649704e-06,0.0,187.24141987843268,0.007450099381299408,0.004086356505436549,EFT_CORE_MULTIPOLE_FORM_FACTOR_SMALL_Q
Mg,78,0.001,2.7488195295534963,0.0,7.450099381299408e-06,0.0,93.62070993921634,0.007450099381299408,0.004086356505436549,EFT_CORE_MULTIPOLE_FORM_FACTOR_SMALL_Q
Mg,96,0.0001,2.8641861729070257,-0.0,-3.490992267019775e-06,0.0,-4386.910263923241,-0.03490992267019775,0.007863556000484703,EFT_CORE_MULTIPOLE_FORM_FACTOR_SMALL_Q
Mg,96,0.0002,2.8641861729070257,-0.0,-6.98198453403955e-06,0.0,-2193.4551319616203,-0.03490992267019775,0.007863556000484703,EFT_CORE_MULTIPOLE_FORM_FACTOR_SMALL_Q
Mg,96,0.0005,2.8641861729070257,-0.0,-1.7454961335098873e-05,0.0,-877.3820527846481,-0.03490992267019775,0.007863556000484703,EFT_CORE_MULTIPOLE_FORM_FACTOR_SMALL_Q
Mg,96,0.001,2.8641861729070257,-0.0,-3.4909922670197746e-05,0.0,-438.69102639232403,-0.03490992267019775,0.007863556000484703,EFT_CORE_MULTIPOLE_FORM_FACTOR_SMALL_Q
Mg,97,0.0001,2.864186172907104,0.0,2.836140429635247e-07,0.0,356.3999175316436,0.0028361404296352467,0.007863556000506417,EFT_CORE_MULTIPOLE_FORM_FACTOR_SMALL_Q
Mg,97,0.0002,2.864186172907104,0.0,5.672280859270494e-07,0.0,178.1999587658218,0.0028361404296352467,0.007863556000506417,EFT_CORE_MULTIPOLE_FORM_FACTOR_SMALL_Q
Mg,97,0.0005,2.864186172907104,0.0,1.4180702148176233e-06,0.0,71.27998350632873,0.0028361404296352467,0.007863556000506417,EFT_CORE_MULTIPOLE_FORM_FACTOR_SMALL_Q
Mg,97,0.001,2.864186172907104,0.0,2.8361404296352466e-06,0.0,35.63999175316437,0.0028361404296352467,0.007863556000506417,EFT_CORE_MULTIPOLE_FORM_FACTOR_SMALL_Q
Mg,98,0.0001,2.8641861729071634,-0.0,-5.3772376237871805e-06,0.0,-6757.236086198577,-0.0537723762378718,0.007863556000519604,EFT_CORE_MULTIPOLE_FORM_FACTOR_SMALL_Q
Mg,98,0.0002,2.8641861729071634,-0.0,-1.0754475247574361e-05,0.0,-3378.6180430992886,-0.0537723762378718,0.007863556000519604,EFT_CORE_MULTIPOLE_FORM_FACTOR_SMALL_Q
Mg,98,0.0005,2.8641861729071634,-0.0,-2.68861881189359e-05,0.0,-1351.4472172397154,-0.0537723762378718,0.007863556000519604,EFT_CORE_MULTIPOLE_FORM_FACTOR_SMALL_Q
Mg,98,0.001,2.8641861729071634,-0.0,-5.37723762378718e-05,0.0,-675.7236086198577,-0.0537723762378718,0.007863556000519604,EFT_CORE_MULTIPOLE_FORM_FACTOR_SMALL_Q
